Redirect 301 /about-us https://rutastefan.kurama.xyz/?about-us
Redirect 301 /detail https://rutastefan.kurama.xyz/?detail
Redirect 301 /romania https://rutastefan.kurama.xyz/?romania
Redirect 301 /moldova https://rutastefan.kurama.xyz/?moldova
Redirect 301 /create-rout https://rutastefan.kurama.xyz?create-rout
Redirect 301 /routes-selection https://rutastefan.kurama.xyz/?routes-selection
Redirect 301 /other-moldova https://rutastefan.kurama.xyz/?other-moldova
